Workbook

Sheet Lineal Mixto
A1: 📊 SIMULACIÓN — Lineal Mixto
A2: Motor de Validación Multiteoría • Exportado automáticamente
A4: i | B4: X_i | C4: R_i | D4: Estado | F4: ⚙️ Parámetros | H4: 🛡️ AUDITORÍA ESTADÍSTICA
A5: 1 | B5: =MOD($G$6*$G$5 + $G$7, $G$8) | C5: =B5/$G$8 | D5: ✓ | F5: Semilla (X0) | G5: 4 | H5: Prueba | I5: Estadístico | J5: Valor Crítico | K5: Estado
A6: 2 | B6: =MOD($G$6*B5 + $G$7, $G$8) | C6: =B6/$G$8 | D6: ✓ | F6: a | G6: 5 | H6: Promedios (Z_0) | I6: =ABS('Auxiliares'!$B$8) | J6: 1.96 | K6: =IF(I6<J6,"✅ APROBADO","❌ RECHAZADO")
A7: 3 | B7: =MOD($G$6*B6 + $G$7, $G$8) | C7: =B7/$G$8 | D7: ✓ | F7: c | G7: 7 | H7: Frecuencias (Chi-cuadrada) | I7: =SUM('Auxiliares'!$F$12:$F$21) | J7: 16.919 | K7: =IF(I7<J7,"✅ APROBADO","❌ RECHAZADO")
A8: 4 | B8: =MOD($G$6*B7 + $G$7, $G$8) | C8: =B8/$G$8 | D8: ✓ | F8: m | G8: 8 | H8: Kolmogorov-Smirnov (D_n) | I8: =MAX('Auxiliares'!$D$25:$D$44) | J8: =1.36/SQRT(COUNT($C$5:$C$24)) | K8: =IF(I8<J8,"✅ APROBADO","❌ RECHAZADO")
A9: 5 | B9: =MOD($G$6*B8 + $G$7, $G$8) | C9: =B9/$G$8 | D9: ✓ | F9: N | G9: 20 | H9: Entropía de Shannon (Bits) | I9: =SUM('Auxiliares'!$H$12:$H$21) | J9: 3.2 | K9: =IF(I9>J9,"✅ APROBADO","❌ RECHAZADO")
A10: 6 | B10: =MOD($G$6*B9 + $G$7, $G$8) | C10: =B10/$G$8 | D10: ✓ | H10: Monte Carlo para Pi (Error Absoluto) | I10: ='Auxiliares'!$B$61 | J10: 0.15 | K10: =IF(I10<J10,"✅ APROBADO","❌ RECHAZADO")
A11: 7 | B11: =MOD($G$6*B10 + $G$7, $G$8) | C11: =B11/$G$8 | D11: ✓ | H11: Distancia (Coss Bu) | I11: =SUM('Auxiliares'!$E$91:$E$94) | J11: 7.81 | K11: =IF(I11<J11,"✅ APROBADO","❌ RECHAZADO")
A12: 8 | B12: =MOD($G$6*B11 + $G$7, $G$8) | C12: =B12/$G$8 | D12: ✓ | H12: Series (Coss Bu) | I12: ='Auxiliares'!$B$147 | J12: 36.41 | K12: =IF(I12<J12,"✅ APROBADO","❌ RECHAZADO")
A13: 9 | B13: =MOD($G$6*B12 + $G$7, $G$8) | C13: =B13/$G$8 | D13: 🔄 Ciclo
A14: 10 | B14: =MOD($G$6*B13 + $G$7, $G$8) | C14: =B14/$G$8 | D14: 🔄 Ciclo
A15: 11 | B15: =MOD($G$6*B14 + $G$7, $G$8) | C15: =B15/$G$8 | D15: 🔄 Ciclo
A16: 12 | B16: =MOD($G$6*B15 + $G$7, $G$8) | C16: =B16/$G$8 | D16: 🔄 Ciclo
A17: 13 | B17: =MOD($G$6*B16 + $G$7, $G$8) | C17: =B17/$G$8 | D17: 🔄 Ciclo
A18: 14 | B18: =MOD($G$6*B17 + $G$7, $G$8) | C18: =B18/$G$8 | D18: 🔄 Ciclo
A19: 15 | B19: =MOD($G$6*B18 + $G$7, $G$8) | C19: =B19/$G$8 | D19: 🔄 Ciclo
A20: 16 | B20: =MOD($G$6*B19 + $G$7, $G$8) | C20: =B20/$G$8 | D20: 🔄 Ciclo
A21: 17 | B21: =MOD($G$6*B20 + $G$7, $G$8) | C21: =B21/$G$8 | D21: 🔄 Ciclo
A22: 18 | B22: =MOD($G$6*B21 + $G$7, $G$8) | C22: =B22/$G$8 | D22: 🔄 Ciclo
A23: 19 | B23: =MOD($G$6*B22 + $G$7, $G$8) | C23: =B23/$G$8 | D23: 🔄 Ciclo
A24: 20 | B24: =MOD($G$6*B23 + $G$7, $G$8) | C24: =B24/$G$8 | D24: 🔄 Ciclo
A27: Total generados: | C27: 20
A28: Ciclos detectados: | C28: 12

Sheet Auxiliares
A1: 🧮 Auxiliares — Trazabilidad de Fórmulas
A2: Cada celda de esta hoja es una fórmula real. El panel de auditoría de "Lineal Mixto" referencia estos cálculos, así que todo se recalcula si cambian los parámetros.
A4: 📐 Prueba de Promedios — Z_0
A5: Cantidad | B5: Valor
A6: Media (R̄) = AVERAGE(R_i) | B6: =AVERAGE('Lineal Mixto'!$C$5:$C$24)
A7: N = COUNT(R_i) | B7: =COUNT('Lineal Mixto'!$C$5:$C$24)
A8: Z_0 = (R̄-0.5)·√N / √(1/12) [sin valor absoluto] | B8: =(B6-0.5)*SQRT(B7)/SQRT(1/12)
A10: 📊 Prueba de Frecuencias / Entropía — Tabla de 10 clases
A11: Clase (k) | B11: Límite inf. | C11: Límite sup. | D11: Oi (observado) | E11: Ei (esperado) | F11: (Oi-Ei)²/Ei | G11: pi = Oi/N | H11: Aporte entropía -piㆍlog2(pi)
A12: 0 | B12: =A12/10 | C12: =(A12+1)/10 | D12: =COUNTIFS('Lineal Mixto'!$C$5:$C$24,">="&B12,'Lineal Mixto'!$C$5:$C$24,"<"&C12) | E12: =COUNT('Lineal Mixto'!$C$5:$C$24)/10 | F12: =(D12-E12)^2/E12 | G12: =D12/COUNT('Lineal Mixto'!$C$5:$C$24) | H12: =IF(D12>0,-G12*LOG(G12,2),0)
A13: 1 | B13: =A13/10 | C13: =(A13+1)/10 | D13: =COUNTIFS('Lineal Mixto'!$C$5:$C$24,">="&B13,'Lineal Mixto'!$C$5:$C$24,"<"&C13) | E13: =COUNT('Lineal Mixto'!$C$5:$C$24)/10 | F13: =(D13-E13)^2/E13 | G13: =D13/COUNT('Lineal Mixto'!$C$5:$C$24) | H13: =IF(D13>0,-G13*LOG(G13,2),0)
A14: 2 | B14: =A14/10 | C14: =(A14+1)/10 | D14: =COUNTIFS('Lineal Mixto'!$C$5:$C$24,">="&B14,'Lineal Mixto'!$C$5:$C$24,"<"&C14) | E14: =COUNT('Lineal Mixto'!$C$5:$C$24)/10 | F14: =(D14-E14)^2/E14 | G14: =D14/COUNT('Lineal Mixto'!$C$5:$C$24) | H14: =IF(D14>0,-G14*LOG(G14,2),0)
A15: 3 | B15: =A15/10 | C15: =(A15+1)/10 | D15: =COUNTIFS('Lineal Mixto'!$C$5:$C$24,">="&B15,'Lineal Mixto'!$C$5:$C$24,"<"&C15) | E15: =COUNT('Lineal Mixto'!$C$5:$C$24)/10 | F15: =(D15-E15)^2/E15 | G15: =D15/COUNT('Lineal Mixto'!$C$5:$C$24) | H15: =IF(D15>0,-G15*LOG(G15,2),0)
A16: 4 | B16: =A16/10 | C16: =(A16+1)/10 | D16: =COUNTIFS('Lineal Mixto'!$C$5:$C$24,">="&B16,'Lineal Mixto'!$C$5:$C$24,"<"&C16) | E16: =COUNT('Lineal Mixto'!$C$5:$C$24)/10 | F16: =(D16-E16)^2/E16 | G16: =D16/COUNT('Lineal Mixto'!$C$5:$C$24) | H16: =IF(D16>0,-G16*LOG(G16,2),0)
A17: 5 | B17: =A17/10 | C17: =(A17+1)/10 | D17: =COUNTIFS('Lineal Mixto'!$C$5:$C$24,">="&B17,'Lineal Mixto'!$C$5:$C$24,"<"&C17) | E17: =COUNT('Lineal Mixto'!$C$5:$C$24)/10 | F17: =(D17-E17)^2/E17 | G17: =D17/COUNT('Lineal Mixto'!$C$5:$C$24) | H17: =IF(D17>0,-G17*LOG(G17,2),0)
A18: 6 | B18: =A18/10 | C18: =(A18+1)/10 | D18: =COUNTIFS('Lineal Mixto'!$C$5:$C$24,">="&B18,'Lineal Mixto'!$C$5:$C$24,"<"&C18) | E18: =COUNT('Lineal Mixto'!$C$5:$C$24)/10 | F18: =(D18-E18)^2/E18 | G18: =D18/COUNT('Lineal Mixto'!$C$5:$C$24) | H18: =IF(D18>0,-G18*LOG(G18,2),0)
A19: 7 | B19: =A19/10 | C19: =(A19+1)/10 | D19: =COUNTIFS('Lineal Mixto'!$C$5:$C$24,">="&B19,'Lineal Mixto'!$C$5:$C$24,"<"&C19) | E19: =COUNT('Lineal Mixto'!$C$5:$C$24)/10 | F19: =(D19-E19)^2/E19 | G19: =D19/COUNT('Lineal Mixto'!$C$5:$C$24) | H19: =IF(D19>0,-G19*LOG(G19,2),0)
A20: 8 | B20: =A20/10 | C20: =(A20+1)/10 | D20: =COUNTIFS('Lineal Mixto'!$C$5:$C$24,">="&B20,'Lineal Mixto'!$C$5:$C$24,"<"&C20) | E20: =COUNT('Lineal Mixto'!$C$5:$C$24)/10 | F20: =(D20-E20)^2/E20 | G20: =D20/COUNT('Lineal Mixto'!$C$5:$C$24) | H20: =IF(D20>0,-G20*LOG(G20,2),0)
A21: 9 | B21: =A21/10 | C21: 1 | D21: =COUNTIFS('Lineal Mixto'!$C$5:$C$24,">="&B21) | E21: =COUNT('Lineal Mixto'!$C$5:$C$24)/10 | F21: =(D21-E21)^2/E21 | G21: =D21/COUNT('Lineal Mixto'!$C$5:$C$24) | H21: =IF(D21>0,-G21*LOG(G21,2),0)
A23: 📈 Kolmogorov-Smirnov — R_i ordenados ascendentemente
A24: k | B24: R(k) [k-ésimo menor] | C24: k/N | D24: |k/N - R(k)|
A25: 1 | B25: =SMALL('Lineal Mixto'!$C$5:$C$24,A25) | C25: =A25/COUNT('Lineal Mixto'!$C$5:$C$24) | D25: =ABS(C25-B25)
A26: 2 | B26: =SMALL('Lineal Mixto'!$C$5:$C$24,A26) | C26: =A26/COUNT('Lineal Mixto'!$C$5:$C$24) | D26: =ABS(C26-B26)
A27: 3 | B27: =SMALL('Lineal Mixto'!$C$5:$C$24,A27) | C27: =A27/COUNT('Lineal Mixto'!$C$5:$C$24) | D27: =ABS(C27-B27)
A28: 4 | B28: =SMALL('Lineal Mixto'!$C$5:$C$24,A28) | C28: =A28/COUNT('Lineal Mixto'!$C$5:$C$24) | D28: =ABS(C28-B28)
A29: 5 | B29: =SMALL('Lineal Mixto'!$C$5:$C$24,A29) | C29: =A29/COUNT('Lineal Mixto'!$C$5:$C$24) | D29: =ABS(C29-B29)
A30: 6 | B30: =SMALL('Lineal Mixto'!$C$5:$C$24,A30) | C30: =A30/COUNT('Lineal Mixto'!$C$5:$C$24) | D30: =ABS(C30-B30)
A31: 7 | B31: =SMALL('Lineal Mixto'!$C$5:$C$24,A31) | C31: =A31/COUNT('Lineal Mixto'!$C$5:$C$24) | D31: =ABS(C31-B31)
A32: 8 | B32: =SMALL('Lineal Mixto'!$C$5:$C$24,A32) | C32: =A32/COUNT('Lineal Mixto'!$C$5:$C$24) | D32: =ABS(C32-B32)
A33: 9 | B33: =SMALL('Lineal Mixto'!$C$5:$C$24,A33) | C33: =A33/COUNT('Lineal Mixto'!$C$5:$C$24) | D33: =ABS(C33-B33)
A34: 10 | B34: =SMALL('Lineal Mixto'!$C$5:$C$24,A34) | C34: =A34/COUNT('Lineal Mixto'!$C$5:$C$24) | D34: =ABS(C34-B34)
A35: 11 | B35: =SMALL('Lineal Mixto'!$C$5:$C$24,A35) | C35: =A35/COUNT('Lineal Mixto'!$C$5:$C$24) | D35: =ABS(C35-B35)
A36: 12 | B36: =SMALL('Lineal Mixto'!$C$5:$C$24,A36) | C36: =A36/COUNT('Lineal Mixto'!$C$5:$C$24) | D36: =ABS(C36-B36)
... A44: 20 | B44: =SMALL('Lineal Mixto'!$C$5:$C$24,A44) | C44: =A44/COUNT('Lineal Mixto'!$C$5:$C$24) | D44: =ABS(C44-B44)
A46: 🎯 Monte Carlo para Pi — Pares (R_2j-1, R_2j)
A47: Par (j) | B47: X = R(2j-1) | C47: Y = R(2j) | D47: X²+Y² | E47: ¿Dentro del círculo? (1/0)
A48: 1 | B48: =INDEX('Lineal Mixto'!$C$5:$C$24,2*A48-1) | C48: =INDEX('Lineal Mixto'!$C$5:$C$24,2*A48) | D48: =B48^2+C48^2 | E48: =IF(D48<=1,1,0)
A49: 2 | B49: =INDEX('Lineal Mixto'!$C$5:$C$24,2*A49-1) | C49: =INDEX('Lineal Mixto'!$C$5:$C$24,2*A49) | D49: =B49^2+C49^2 | E49: =IF(D49<=1,1,0)
A50: 3 | B50: =INDEX('Lineal Mixto'!$C$5:$C$24,2*A50-1) | C50: =INDEX('Lineal Mixto'!$C$5:$C$24,2*A50) | D50: =B50^2+C50^2 | E50: =IF(D50<=1,1,0)
A51: 4 | B51: =INDEX('Lineal Mixto'!$C$5:$C$24,2*A51-1) | C51: =INDEX('Lineal Mixto'!$C$5:$C$24,2*A51) | D51: =B51^2+C51^2 | E51: =IF(D51<=1,1,0)
A52: 5 | B52: =INDEX('Lineal Mixto'!$C$5:$C$24,2*A52-1) | C52: =INDEX('Lineal Mixto'!$C$5:$C$24,2*A52) | D52: =B52^2+C52^2 | E52: =IF(D52<=1,1,0)
A53: 6 | B53: =INDEX('Lineal Mixto'!$C$5:$C$24,2*A53-1) | C53: =INDEX('Lineal Mixto'!$C$5:$C$24,2*A53) | D53: =B53^2+C53^2 | E53: =IF(D53<=1,1,0)
A54: 7 | B54: =INDEX('Lineal Mixto'!$C$5:$C$24,2*A54-1) | C54: =INDEX('Lineal Mixto'!$C$5:$C$24,2*A54) | D54: =B54^2+C54^2 | E54: =IF(D54<=1,1,0)
A55: 8 | B55: =INDEX('Lineal Mixto'!$C$5:$C$24,2*A55-1) | C55: =INDEX('Lineal Mixto'!$C$5:$C$24,2*A55) | D55: =B55^2+C55^2 | E55: =IF(D55<=1,1,0)
A56: 9 | B56: =INDEX('Lineal Mixto'!$C$5:$C$24,2*A56-1) | C56: =INDEX('Lineal Mixto'!$C$5:$C$24,2*A56) | D56: =B56^2+C56^2 | E56: =IF(D56<=1,1,0)
A57: 10 | B57: =INDEX('Lineal Mixto'!$C$5:$C$24,2*A57-1) | C57: =INDEX('Lineal Mixto'!$C$5:$C$24,2*A57) | D57: =B57^2+C57^2 | E57: =IF(D57<=1,1,0)
A58: Pares totales | B58: =INT(COUNT('Lineal Mixto'!$C$5:$C$24)/2)
A59: Aciertos (dentro del círculo) | B59: =SUM($E$48:$E$57)
A60: π estimado = 4 × Aciertos / Pares | B60: =IF(B58=0,0,4*B59/B58)
A61: Error = |π estimado - π| (0 si no hay pares) | B61: =IF(B58=0,0,ABS(B60-PI()))
A63: 📏 Distancia (Coss Bu) — Longitud de racha entre aciertos en [α, β]
A64: α (constante del método) | B64: 0.3
A65: β (constante del método) | B65: 0.7
A66: θ = β - α | B66: =$B$65-$B$64
A68: i | B68: r_i | C68: ¿En [α, β]? (1/0) | D68: Racha activa (acumulado) | E68: Contador de racha | F68: Racha registrada (bucket)
A69: 1 | B69: ='Lineal Mixto'!$C$5 | C69: =IF(AND(B69>=$B$64,B69<=$B$65),1,0) | D69: =C69 | E69: 0
A70: 2 | B70: ='Lineal Mixto'!$C$6 | C70: =IF(AND(B70>=$B$64,B70<=$B$65),1,0) | D70: =IF(OR(D69=1,C70=1),1,0) | E70: =IF(C70=1,0,IF(D69=1,E69+1,0)) | F70: =IF(AND(C70=1,D69=1),MIN(E69,3),"")
A71: 3 | B71: ='Lineal Mixto'!$C$7 | C71: =IF(AND(B71>=$B$64,B71<=$B$65),1,0) | D71: =IF(OR(D70=1,C71=1),1,0) | E71: =IF(C71=1,0,IF(D70=1,E70+1,0)) | F71: =IF(AND(C71=1,D70=1),MIN(E70,3),"")
A72: 4 | B72: ='Lineal Mixto'!$C$8 | C72: =IF(AND(B72>=$B$64,B72<=$B$65),1,0) | D72: =IF(OR(D71=1,C72=1),1,0) | E72: =IF(C72=1,0,IF(D71=1,E71+1,0)) | F72: =IF(AND(C72=1,D71=1),MIN(E71,3),"")
A73: 5 | B73: ='Lineal Mixto'!$C$9 | C73: =IF(AND(B73>=$B$64,B73<=$B$65),1,0) | D73: =IF(OR(D72=1,C73=1),1,0) | E73: =IF(C73=1,0,IF(D72=1,E72+1,0)) | F73: =IF(AND(C73=1,D72=1),MIN(E72,3),"")
A74: 6 | B74: ='Lineal Mixto'!$C$10 | C74: =IF(AND(B74>=$B$64,B74<=$B$65),1,0) | D74: =IF(OR(D73=1,C74=1),1,0) | E74: =IF(C74=1,0,IF(D73=1,E73+1,0)) | F74: =IF(AND(C74=1,D73=1),MIN(E73,3),"")
A75: 7 | B75: ='Lineal Mixto'!$C$11 | C75: =IF(AND(B75>=$B$64,B75<=$B$65),1,0) | D75: =IF(OR(D74=1,C75=1),1,0) | E75: =IF(C75=1,0,IF(D74=1,E74+1,0)) | F75: =IF(AND(C75=1,D74=1),MIN(E74,3),"")
A76: 8 | B76: ='Lineal Mixto'!$C$12 | C76: =IF(AND(B76>=$B$64,B76<=$B$65),1,0) | D76: =IF(OR(D75=1,C76=1),1,0) | E76: =IF(C76=1,0,IF(D75=1,E75+1,0)) | F76: =IF(AND(C76=1,D75=1),MIN(E75,3),"")
A77: 9 | B77: ='Lineal Mixto'!$C$13 | C77: =IF(AND(B77>=$B$64,B77<=$B$65),1,0) | D77: =IF(OR(D76=1,C77=1),1,0) | E77: =IF(C77=1,0,IF(D76=1,E76+1,0)) | F77: =IF(AND(C77=1,D76=1),MIN(E76,3),"")
A78: 10 | B78: ='Lineal Mixto'!$C$14 | C78: =IF(AND(B78>=$B$64,B78<=$B$65),1,0) | D78: =IF(OR(D77=1,C78=1),1,0) | E78: =IF(C78=1,0,IF(D77=1,E77+1,0)) | F78: =IF(AND(C78=1,D77=1),MIN(E77,3),"")
A79: 11 | B79: ='Lineal Mixto'!$C$15 | C79: =IF(AND(B79>=$B$64,B79<=$B$65),1,0) | D79: =IF(OR(D78=1,C79=1),1,0) | E79: =IF(C79=1,0,IF(D78=1,E78+1,0)) | F79: =IF(AND(C79=1,D78=1),MIN(E78,3),"")
A80: 12 | B80: ='Lineal Mixto'!$C$16 | C80: =IF(AND(B80>=$B$64,B80<=$B$65),1,0) | D80: =IF(OR(D79=1,C80=1),1,0) | E80: =IF(C80=1,0,IF(D79=1,E79+1,0)) | F80: =IF(AND(C80=1,D79=1),MIN(E79,3),"")
A81: 13 | B81: ='Lineal Mixto'!$C$17 | C81: =IF(AND(B81>=$B$64,B81<=$B$65),1,0) | D81: =IF(OR(D80=1,C81=1),1,0) | E81: =IF(C81=1,0,IF(D80=1,E80+1,0)) | F81: =IF(AND(C81=1,D80=1),MIN(E80,3),"")
A82: 14 | B82: ='Lineal Mixto'!$C$18 | C82: =IF(AND(B82>=$B$64,B82<=$B$65),1,0) | D82: =IF(OR(D81=1,C82=1),1,0) | E82: =IF(C82=1,0,IF(D81=1,E81+1,0)) | F82: =IF(AND(C82=1,D81=1),MIN(E81,3),"")
A83: 15 | B83: ='Lineal Mixto'!$C$19 | C83: =IF(AND(B83>=$B$64,B83<=$B$65),1,0) | D83: =IF(OR(D82=1,C83=1),1,0) | E83: =IF(C83=1,0,IF(D82=1,E82+1,0)) | F83: =IF(AND(C83=1,D82=1),MIN(E82,3),"")
A84: 16 | B84: ='Lineal Mixto'!$C$20 | C84: =IF(AND(B84>=$B$64,B84<=$B$65),1,0) | D84: =IF(OR(D83=1,C84=1),1,0) | E84: =IF(C84=1,0,IF(D83=1,E83+1,0)) | F84: =IF(AND(C84=1,D83=1),MIN(E83,3),"")
A85: 17 | B85: ='Lineal Mixto'!$C$21 | C85: =IF(AND(B85>=$B$64,B85<=$B$65),1,0) | D85: =IF(OR(D84=1,C85=1),1,0) | E85: =IF(C85=1,0,IF(D84=1,E84+1,0)) | F85: =IF(AND(C85=1,D84=1),MIN(E84,3),"")
A86: 18 | B86: ='Lineal Mixto'!$C$22 | C86: =IF(AND(B86>=$B$64,B86<=$B$65),1,0) | D86: =IF(OR(D85=1,C86=1),1,0) | E86: =IF(C86=1,0,IF(D85=1,E85+1,0)) | F86: =IF(AND(C86=1,D85=1),MIN(E85,3),"")
A87: 19 | B87: ='Lineal Mixto'!$C$23 | C87: =IF(AND(B87>=$B$64,B87<=$B$65),1,0) | D87: =IF(OR(D86=1,C87=1),1,0) | E87: =IF(C87=1,0,IF(D86=1,E86+1,0)) | F87: =IF(AND(C87=1,D86=1),MIN(E86,3),"")
A88: 20 | B88: ='Lineal Mixto'!$C$24 | C88: =IF(AND(B88>=$B$64,B88<=$B$65),1,0) | D88: =IF(OR(D87=1,C88=1),1,0) | E88: =IF(C88=1,0,IF(D87=1,E87+1,0)) | F88: =IF(AND(C88=1,D87=1),MIN(E87,3),"")
A90: Bucket (long. de racha) | B90: Oi (observado) | C90: Probabilidad teórica | D90: Ei = ΣOi × p | E90: (Oi-Ei)²/Ei
A91: 0 | B91: =COUNTIFS($F$69:$F$88,0) | C91: =$B$66 | D91: =SUM($B$91:$B$94)*C91 | E91: =IF(D91>0,(B91-D91)^2/D91,0)
A92: 1 | B92: =COUNTIFS($F$69:$F$88,1) | C92: =$B$66*(1-$B$66) | D92: =SUM($B$91:$B$94)*C92 | E92: =IF(D92>0,(B92-D92)^2/D92,0)
A93: 2 | B93: =COUNTIFS($F$69:$F$88,2) | C93: =$B$66*(1-$B$66)^2 | D93: =SUM($B$91:$B$94)*C93 | E93: =IF(D93>0,(B93-D93)^2/D93,0)
A94: ≥3 | B94: =COUNTIFS($F$69:$F$88,3) | C94: =(1-$B$66)^3 | D94: =SUM($B$91:$B$94)*C94 | E94: =IF(D94>0,(B94-D94)^2/D94,0)
A97: 🔳 Series (Coss Bu) — Pares consecutivos solapados en cuadrícula 5×5
A98: i | B98: X = r_i | C98: Y = r_(i+1) | D98: BinX (0-4) | E98: BinY (0-4) | F98: Bin combinado (0-24)
A99: 1 | B99: ='Lineal Mixto'!$C$5 | C99: ='Lineal Mixto'!$C$6 | D99: =MIN(INT(B99*5),4) | E99: =MIN(INT(C99*5),4) | F99: =D99*5+E99
A100: 2 | B100: ='Lineal Mixto'!$C$6 | C100: ='Lineal Mixto'!$C$7 | D100: =MIN(INT(B100*5),4) | E100: =MIN(INT(C100*5),4) | F100: =D100*5+E100
A101: 3 | B101: ='Lineal Mixto'!$C$7 | C101: ='Lineal Mixto'!$C$8 | D101: =MIN(INT(B101*5),4) | E101: =MIN(INT(C101*5),4) | F101: =D101*5+E101
A102: 4 | B102: ='Lineal Mixto'!$C$8 | C102: ='Lineal Mixto'!$C$9 | D102: =MIN(INT(B102*5),4) | E102: =MIN(INT(C102*5),4) | F102: =D102*5+E102
A103: 5 | B103: ='Lineal Mixto'!$C$9 | C103: ='Lineal Mixto'!$C$10 | D103: =MIN(INT(B103*5),4) | E103: =MIN(INT(C103*5),4) | F103: =D103*5+E103
A104: 6 | B104: ='Lineal Mixto'!$C$10 | C104: ='Lineal Mixto'!$C$11 | D104: =MIN(INT(B104*5),4) | E104: =MIN(INT(C104*5),4) | F104: =D104*5+E104
A105: 7 | B105: ='Lineal Mixto'!$C$11 | C105: ='Lineal Mixto'!$C$12 | D105: =MIN(INT(B105*5),4) | E105: =MIN(INT(C105*5),4) | F105: =D105*5+E105
A106: 8 | B106: ='Lineal Mixto'!$C$12 | C106: ='Lineal Mixto'!$C$13 | D106: =MIN(INT(B106*5),4) | E106: =MIN(INT(C106*5),4) | F106: =D106*5+E106
A107: 9 | B107: ='Lineal Mixto'!$C$13 | C107: ='Lineal Mixto'!$C$14 | D107: =MIN(INT(B107*5),4) | E107: =MIN(INT(C107*5),4) | F107: =D107*5+E107
A108: 10 | B108: ='Lineal Mixto'!$C$14 | C108: ='Lineal Mixto'!$C$15 | D108: =MIN(INT(B108*5),4) | E108: =MIN(INT(C108*5),4) | F108: =D108*5+E108
A109: 11 | B109: ='Lineal Mixto'!$C$15 | C109: ='Lineal Mixto'!$C$16 | D109: =MIN(INT(B109*5),4) | E109: =MIN(INT(C109*5),4) | F109: =D109*5+E109
A110: 12 | B110: ='Lineal Mixto'!$C$16 | C110: ='Lineal Mixto'!$C$17 | D110: =MIN(INT(B110*5),4) | E110: =MIN(INT(C110*5),4) | F110: =D110*5+E110
A111: 13 | B111: ='Lineal Mixto'!$C$17 | C111: ='Lineal Mixto'!$C$18 | D111: =MIN(INT(B111*5),4) | E111: =MIN(INT(C111*5),4) | F111: =D111*5+E111
A112: 14 | B112: ='Lineal Mixto'!$C$18 | C112: ='Lineal Mixto'!$C$19 | D112: =MIN(INT(B112*5),4) | E112: =MIN(INT(C112*5),4) | F112: =D112*5+E112
A113: 15 | B113: ='Lineal Mixto'!$C$19 | C113: ='Lineal Mixto'!$C$20 | D113: =MIN(INT(B113*5),4) | E113: =MIN(INT(C113*5),4) | F113: =D113*5+E113
A114: 16 | B114: ='Lineal Mixto'!$C$20 | C114: ='Lineal Mixto'!$C$21 | D114: =MIN(INT(B114*5),4) | E114: =MIN(INT(C114*5),4) | F114: =D114*5+E114
A115: 17 | B115: ='Lineal Mixto'!$C$21 | C115: ='Lineal Mixto'!$C$22 | D115: =MIN(INT(B115*5),4) | E115: =MIN(INT(C115*5),4) | F115: =D115*5+E115
A116: 18 | B116: ='Lineal Mixto'!$C$22 | C116: ='Lineal Mixto'!$C$23 | D116: =MIN(INT(B116*5),4) | E116: =MIN(INT(C116*5),4) | F116: =D116*5+E116
...
