Workbook

Sheet Xorshift
A1: 📊 SIMULACIÓN — Xorshift
A2: Motor de Validación Multiteoría • Exportado automáticamente
A4: i | B4: X_i | C4: R_i | D4: Estado | F4: ⚙️ Parámetros | H4: 🛡️ AUDITORÍA ESTADÍSTICA
A5: 1 | B5: ='Auxiliares'!$E$6 | C5: =B5/4294967295 | D5: ✓ | F5: Semilla (X0) | G5: 123456789 | H5: Prueba | I5: Estadístico | J5: Valor Crítico | K5: Estado
A6: 2 | B6: ='Auxiliares'!$E$7 | C6: =B6/4294967295 | D6: ✓ | F6: a (Shift Izq) | G6: 13 | H6: Promedios (Z_0) | I6: =ABS('Auxiliares'!$B$32) | J6: 1.96 | K6: =IF(I6<J6,"✅ APROBADO","❌ RECHAZADO")
A7: 3 | B7: ='Auxiliares'!$E$8 | C7: =B7/4294967295 | D7: ✓ | F7: b (Shift Der) | G7: 17 | H7: Frecuencias (Chi-cuadrada) | I7: =SUM('Auxiliares'!$F$36:$F$45) | J7: 16.919 | K7: =IF(I7<J7,"✅ APROBADO","❌ RECHAZADO")
A8: 4 | B8: ='Auxiliares'!$E$9 | C8: =B8/4294967295 | D8: ✓ | F8: c (Shift Izq) | G8: 5 | H8: Kolmogorov-Smirnov (D_n) | I8: =MAX('Auxiliares'!$D$49:$D$68) | J8: =1.36/SQRT(COUNT($C$5:$C$24)) | K8: =IF(I8<J8,"✅ APROBADO","❌ RECHAZADO")
A9: 5 | B9: ='Auxiliares'!$E$10 | C9: =B9/4294967295 | D9: ✓ | F9: N | G9: 20 | H9: Entropía de Shannon (Bits) | I9: =SUM('Auxiliares'!$H$36:$H$45) | J9: 3.2 | K9: =IF(I9>J9,"✅ APROBADO","❌ RECHAZADO")
A10: 6 | B10: ='Auxiliares'!$E$11 | C10: =B10/4294967295 | D10: ✓ | H10: Monte Carlo para Pi (Error Absoluto) | I10: ='Auxiliares'!$B$85 | J10: 0.15 | K10: =IF(I10<J10,"✅ APROBADO","❌ RECHAZADO")
A11: 7 | B11: ='Auxiliares'!$E$12 | C11: =B11/4294967295 | D11: ✓ | H11: Distancia (Coss Bu) | I11: =SUM('Auxiliares'!$E$115:$E$118) | J11: 7.81 | K11: =IF(I11<J11,"✅ APROBADO","❌ RECHAZADO")
A12: 8 | B12: ='Auxiliares'!$E$13 | C12: =B12/4294967295 | D12: ✓ | H12: Series (Coss Bu) | I12: ='Auxiliares'!$B$171 | J12: 36.41 | K12: =IF(I12<J12,"✅ APROBADO","❌ RECHAZADO")
A13: 9 | B13: ='Auxiliares'!$E$14 | C13: =B13/4294967295 | D13: ✓
A14: 10 | B14: ='Auxiliares'!$E$15 | C14: =B14/4294967295 | D14: ✓
A15: 11 | B15: ='Auxiliares'!$E$16 | C15: =B15/4294967295 | D15: ✓
A16: 12 | B16: ='Auxiliares'!$E$17 | C16: =B16/4294967295 | D16: ✓
A17: 13 | B17: ='Auxiliares'!$E$18 | C17: =B17/4294967295 | D17: ✓
A18: 14 | B18: ='Auxiliares'!$E$19 | C18: =B18/4294967295 | D18: ✓
A19: 15 | B19: ='Auxiliares'!$E$20 | C19: =B19/4294967295 | D19: ✓
A20: 16 | B20: ='Auxiliares'!$E$21 | C20: =B20/4294967295 | D20: ✓
A21: 17 | B21: ='Auxiliares'!$E$22 | C21: =B21/4294967295 | D21: ✓
A22: 18 | B22: ='Auxiliares'!$E$23 | C22: =B22/4294967295 | D22: ✓
A23: 19 | B23: ='Auxiliares'!$E$24 | C23: =B23/4294967295 | D23: ✓
A24: 20 | B24: ='Auxiliares'!$E$25 | C24: =B24/4294967295 | D24: ✓
A27: Total generados: | C27: 20
A28: Ciclos detectados: | C28: 0

Sheet Auxiliares
A1: 🧮 Auxiliares — Trazabilidad de Fórmulas
A2: Cada celda de esta hoja es una fórmula real. El panel de auditoría de "Xorshift" referencia estos cálculos, así que todo se recalcula si cambian los parámetros.
A4: 🔀 Xorshift — Derivación de X_i mediante 3 desplazamientos XOR
A5: i | B5: X_(i-1) [previo] | C5: t1 = X ⊕ (X≪a) mod 2³² | D5: t2 = t1 ⊕ (t1≫b) | E5: t3 = t2 ⊕ (t2≪c) mod 2³² = X_i
A6: 1 | B6: ='Xorshift'!$G$5 | C6: =BITXOR(B6,MOD(B6,POWER(2,32-'Xorshift'!$G$6))*POWER(2,'Xorshift'!$G$6)) | D6: =BITXOR(C6,INT(C6/POWER(2,'Xorshift'!$G$7))) | E6: =BITXOR(D6,MOD(D6,POWER(2,32-'Xorshift'!$G$8))*POWER(2,'Xorshift'!$G$8))
A7: 2 | B7: =E6 | C7: =BITXOR(B7,MOD(B7,POWER(2,32-'Xorshift'!$G$6))*POWER(2,'Xorshift'!$G$6)) | D7: =BITXOR(C7,INT(C7/POWER(2,'Xorshift'!$G$7))) | E7: =BITXOR(D7,MOD(D7,POWER(2,32-'Xorshift'!$G$8))*POWER(2,'Xorshift'!$G$8))
A8: 3 | B8: =E7 | C8: =BITXOR(B8,MOD(B8,POWER(2,32-'Xorshift'!$G$6))*POWER(2,'Xorshift'!$G$6)) | D8: =BITXOR(C8,INT(C8/POWER(2,'Xorshift'!$G$7))) | E8: =BITXOR(D8,MOD(D8,POWER(2,32-'Xorshift'!$G$8))*POWER(2,'Xorshift'!$G$8))
A9: 4 | B9: =E8 | C9: =BITXOR(B9,MOD(B9,POWER(2,32-'Xorshift'!$G$6))*POWER(2,'Xorshift'!$G$6)) | D9: =BITXOR(C9,INT(C9/POWER(2,'Xorshift'!$G$7))) | E9: =BITXOR(D9,MOD(D9,POWER(2,32-'Xorshift'!$G$8))*POWER(2,'Xorshift'!$G$8))
A10: 5 | B10: =E9 | C10: =BITXOR(B10,MOD(B10,POWER(2,32-'Xorshift'!$G$6))*POWER(2,'Xorshift'!$G$6)) | D10: =BITXOR(C10,INT(C10/POWER(2,'Xorshift'!$G$7))) | E10: =BITXOR(D10,MOD(D10,POWER(2,32-'Xorshift'!$G$8))*POWER(2,'Xorshift'!$G$8))
A11: 6 | B11: =E10 | C11: =BITXOR(B11,MOD(B11,POWER(2,32-'Xorshift'!$G$6))*POWER(2,'Xorshift'!$G$6)) | D11: =BITXOR(C11,INT(C11/POWER(2,'Xorshift'!$G$7))) | E11: =BITXOR(D11,MOD(D11,POWER(2,32-'Xorshift'!$G$8))*POWER(2,'Xorshift'!$G$8))
A12: 7 | B12: =E11 | C12: =BITXOR(B12,MOD(B12,POWER(2,32-'Xorshift'!$G$6))*POWER(2,'Xorshift'!$G$6)) | D12: =BITXOR(C12,INT(C12/POWER(2,'Xorshift'!$G$7))) | E12: =BITXOR(D12,MOD(D12,POWER(2,32-'Xorshift'!$G$8))*POWER(2,'Xorshift'!$G$8))
A13: 8 | B13: =E12 | C13: =BITXOR(B13,MOD(B13,POWER(2,32-'Xorshift'!$G$6))*POWER(2,'Xorshift'!$G$6)) | D13: =BITXOR(C13,INT(C13/POWER(2,'Xorshift'!$G$7))) | E13: =BITXOR(D13,MOD(D13,POWER(2,32-'Xorshift'!$G$8))*POWER(2,'Xorshift'!$G$8))
A14: 9 | B14: =E13 | C14: =BITXOR(B14,MOD(B14,POWER(2,32-'Xorshift'!$G$6))*POWER(2,'Xorshift'!$G$6)) | D14: =BITXOR(C14,INT(C14/POWER(2,'Xorshift'!$G$7))) | E14: =BITXOR(D14,MOD(D14,POWER(2,32-'Xorshift'!$G$8))*POWER(2,'Xorshift'!$G$8))
A15: 10 | B15: =E14 | C15: =BITXOR(B15,MOD(B15,POWER(2,32-'Xorshift'!$G$6))*POWER(2,'Xorshift'!$G$6)) | D15: =BITXOR(C15,INT(C15/POWER(2,'Xorshift'!$G$7))) | E15: =BITXOR(D15,MOD(D15,POWER(2,32-'Xorshift'!$G$8))*POWER(2,'Xorshift'!$G$8))
A16: 11 | B16: =E15 | C16: =BITXOR(B16,MOD(B16,POWER(2,32-'Xorshift'!$G$6))*POWER(2,'Xorshift'!$G$6)) | D16: =BITXOR(C16,INT(C16/POWER(2,'Xorshift'!$G$7))) | E16: =BITXOR(D16,MOD(D16,POWER(2,32-'Xorshift'!$G$8))*POWER(2,'Xorshift'!$G$8))
A17: 12 | B17: =E16 | C17: =BITXOR(B17,MOD(B17,POWER(2,32-'Xorshift'!$G$6))*POWER(2,'Xorshift'!$G$6)) | D17: =BITXOR(C17,INT(C17/POWER(2,'Xorshift'!$G$7))) | E17: =BITXOR(D17,MOD(D17,POWER(2,32-'Xorshift'!$G$8))*POWER(2,'Xorshift'!$G$8))
A18: 13 | B18: =E17 | C18: =BITXOR(B18,MOD(B18,POWER(2,32-'Xorshift'!$G$6))*POWER(2,'Xorshift'!$G$6)) | D18: =BITXOR(C18,INT(C18/POWER(2,'Xorshift'!$G$7))) | E18: =BITXOR(D18,MOD(D18,POWER(2,32-'Xorshift'!$G$8))*POWER(2,'Xorshift'!$G$8))
... A25: 20 | B25: =E24 | C25: =BITXOR(B25,MOD(B25,POWER(2,32-'Xorshift'!$G$6))*POWER(2,'Xorshift'!$G$6)) | D25: =BITXOR(C25,INT(C25/POWER(2,'Xorshift'!$G$7))) | E25: =BITXOR(D25,MOD(D25,POWER(2,32-'Xorshift'!$G$8))*POWER(2,'Xorshift'!$G$8))
A28: 📐 Prueba de Promedios — Z_0
A29: Cantidad | B29: Valor
A30: Media (R̄) = AVERAGE(R_i) | B30: =AVERAGE('Xorshift'!$C$5:$C$24)
A31: N = COUNT(R_i) | B31: =COUNT('Xorshift'!$C$5:$C$24)
A32: Z_0 = (R̄-0.5)·√N / √(1/12) [sin valor absoluto] | B32: =(B30-0.5)*SQRT(B31)/SQRT(1/12)
A34: 📊 Prueba de Frecuencias / Entropía — Tabla de 10 clases
A35: Clase (k) | B35: Límite inf. | C35: Límite sup. | D35: Oi (observado) | E35: Ei (esperado) | F35: (Oi-Ei)²/Ei | G35: pi = Oi/N | H35: Aporte entropía -piㆍlog2(pi)
A36: 0 | B36: =A36/10 | C36: =(A36+1)/10 | D36: =COUNTIFS('Xorshift'!$C$5:$C$24,">="&B36,'Xorshift'!$C$5:$C$24,"<"&C36) | E36: =COUNT('Xorshift'!$C$5:$C$24)/10 | F36: =(D36-E36)^2/E36 | G36: =D36/COUNT('Xorshift'!$C$5:$C$24) | H36: =IF(D36>0,-G36*LOG(G36,2),0)
A37: 1 | B37: =A37/10 | C37: =(A37+1)/10 | D37: =COUNTIFS('Xorshift'!$C$5:$C$24,">="&B37,'Xorshift'!$C$5:$C$24,"<"&C37) | E37: =COUNT('Xorshift'!$C$5:$C$24)/10 | F37: =(D37-E37)^2/E37 | G37: =D37/COUNT('Xorshift'!$C$5:$C$24) | H37: =IF(D37>0,-G37*LOG(G37,2),0)
A38: 2 | B38: =A38/10 | C38: =(A38+1)/10 | D38: =COUNTIFS('Xorshift'!$C$5:$C$24,">="&B38,'Xorshift'!$C$5:$C$24,"<"&C38) | E38: =COUNT('Xorshift'!$C$5:$C$24)/10 | F38: =(D38-E38)^2/E38 | G38: =D38/COUNT('Xorshift'!$C$5:$C$24) | H38: =IF(D38>0,-G38*LOG(G38,2),0)
A39: 3 | B39: =A39/10 | C39: =(A39+1)/10 | D39: =COUNTIFS('Xorshift'!$C$5:$C$24,">="&B39,'Xorshift'!$C$5:$C$24,"<"&C39) | E39: =COUNT('Xorshift'!$C$5:$C$24)/10 | F39: =(D39-E39)^2/E39 | G39: =D39/COUNT('Xorshift'!$C$5:$C$24) | H39: =IF(D39>0,-G39*LOG(G39,2),0)
A40: 4 | B40: =A40/10 | C40: =(A40+1)/10 | D40: =COUNTIFS('Xorshift'!$C$5:$C$24,">="&B40,'Xorshift'!$C$5:$C$24,"<"&C40) | E40: =COUNT('Xorshift'!$C$5:$C$24)/10 | F40: =(D40-E40)^2/E40 | G40: =D40/COUNT('Xorshift'!$C$5:$C$24) | H40: =IF(D40>0,-G40*LOG(G40,2),0)
A41: 5 | B41: =A41/10 | C41: =(A41+1)/10 | D41: =COUNTIFS('Xorshift'!$C$5:$C$24,">="&B41,'Xorshift'!$C$5:$C$24,"<"&C41) | E41: =COUNT('Xorshift'!$C$5:$C$24)/10 | F41: =(D41-E41)^2/E41 | G41: =D41/COUNT('Xorshift'!$C$5:$C$24) | H41: =IF(D41>0,-G41*LOG(G41,2),0)
A42: 6 | B42: =A42/10 | C42: =(A42+1)/10 | D42: =COUNTIFS('Xorshift'!$C$5:$C$24,">="&B42,'Xorshift'!$C$5:$C$24,"<"&C42) | E42: =COUNT('Xorshift'!$C$5:$C$24)/10 | F42: =(D42-E42)^2/E42 | G42: =D42/COUNT('Xorshift'!$C$5:$C$24) | H42: =IF(D42>0,-G42*LOG(G42,2),0)
A43: 7 | B43: =A43/10 | C43: =(A43+1)/10 | D43: =COUNTIFS('Xorshift'!$C$5:$C$24,">="&B43,'Xorshift'!$C$5:$C$24,"<"&C43) | E43: =COUNT('Xorshift'!$C$5:$C$24)/10 | F43: =(D43-E43)^2/E43 | G43: =D43/COUNT('Xorshift'!$C$5:$C$24) | H43: =IF(D43>0,-G43*LOG(G43,2),0)
A44: 8 | B44: =A44/10 | C44: =(A44+1)/10 | D44: =COUNTIFS('Xorshift'!$C$5:$C$24,">="&B44,'Xorshift'!$C$5:$C$24,"<"&C44) | E44: =COUNT('Xorshift'!$C$5:$C$24)/10 | F44: =(D44-E44)^2/E44 | G44: =D44/COUNT('Xorshift'!$C$5:$C$24) | H44: =IF(D44>0,-G44*LOG(G44,2),0)
A45: 9 | B45: =A45/10 | C45: 1 | D45: =COUNTIFS('Xorshift'!$C$5:$C$24,">="&B45) | E45: =COUNT('Xorshift'!$C$5:$C$24)/10 | F45: =(D45-E45)^2/E45 | G45: =D45/COUNT('Xorshift'!$C$5:$C$24) | H45: =IF(D45>0,-G45*LOG(G45,2),0)
A47: 📈 Kolmogorov-Smirnov — R_i ordenados ascendentemente
A48: k | B48: R(k) [k-ésimo menor] | C48: k/N | D48: |k/N - R(k)|
A49: 1 | B49: =SMALL('Xorshift'!$C$5:$C$24,A49) | C49: =A49/COUNT('Xorshift'!$C$5:$C$24) | D49: =ABS(C49-B49)
A50: 2 | B50: =SMALL('Xorshift'!$C$5:$C$24,A50) | C50: =A50/COUNT('Xorshift'!$C$5:$C$24) | D50: =ABS(C50-B50)
A51: 3 | B51: =SMALL('Xorshift'!$C$5:$C$24,A51) | C51: =A51/COUNT('Xorshift'!$C$5:$C$24) | D51: =ABS(C51-B51)
A52: 4 | B52: =SMALL('Xorshift'!$C$5:$C$24,A52) | C52: =A52/COUNT('Xorshift'!$C$5:$C$24) | D52: =ABS(C52-B52)
A53: 5 | B53: =SMALL('Xorshift'!$C$5:$C$24,A53) | C53: =A53/COUNT('Xorshift'!$C$5:$C$24) | D53: =ABS(C53-B53)
A54: 6 | B54: =SMALL('Xorshift'!$C$5:$C$24,A54) | C54: =A54/COUNT('Xorshift'!$C$5:$C$24) | D54: =ABS(C54-B54)
A55: 7 | B55: =SMALL('Xorshift'!$C$5:$C$24,A55) | C55: =A55/COUNT('Xorshift'!$C$5:$C$24) | D55: =ABS(C55-B55)
A56: 8 | B56: =SMALL('Xorshift'!$C$5:$C$24,A56) | C56: =A56/COUNT('Xorshift'!$C$5:$C$24) | D56: =ABS(C56-B56)
A57: 9 | B57: =SMALL('Xorshift'!$C$5:$C$24,A57) | C57: =A57/COUNT('Xorshift'!$C$5:$C$24) | D57: =ABS(C57-B57)
A58: 10 | B58: =SMALL('Xorshift'!$C$5:$C$24,A58) | C58: =A58/COUNT('Xorshift'!$C$5:$C$24) | D58: =ABS(C58-B58)
A59: 11 | B59: =SMALL('Xorshift'!$C$5:$C$24,A59) | C59: =A59/COUNT('Xorshift'!$C$5:$C$24) | D59: =ABS(C59-B59)
A60: 12 | B60: =SMALL('Xorshift'!$C$5:$C$24,A60) | C60: =A60/COUNT('Xorshift'!$C$5:$C$24) | D60: =ABS(C60-B60)
... A68: 20 | B68: =SMALL('Xorshift'!$C$5:$C$24,A68) | C68: =A68/COUNT('Xorshift'!$C$5:$C$24) | D68: =ABS(C68-B68)
A70: 🎯 Monte Carlo para Pi — Pares (R_2j-1, R_2j)
A71: Par (j) | B71: X = R(2j-1) | C71: Y = R(2j) | D71: X²+Y² | E71: ¿Dentro del círculo? (1/0)
A72: 1 | B72: =INDEX('Xorshift'!$C$5:$C$24,2*A72-1) | C72: =INDEX('Xorshift'!$C$5:$C$24,2*A72) | D72: =B72^2+C72^2 | E72: =IF(D72<=1,1,0)
A73: 2 | B73: =INDEX('Xorshift'!$C$5:$C$24,2*A73-1) | C73: =INDEX('Xorshift'!$C$5:$C$24,2*A73) | D73: =B73^2+C73^2 | E73: =IF(D73<=1,1,0)
A74: 3 | B74: =INDEX('Xorshift'!$C$5:$C$24,2*A74-1) | C74: =INDEX('Xorshift'!$C$5:$C$24,2*A74) | D74: =B74^2+C74^2 | E74: =IF(D74<=1,1,0)
A75: 4 | B75: =INDEX('Xorshift'!$C$5:$C$24,2*A75-1) | C75: =INDEX('Xorshift'!$C$5:$C$24,2*A75) | D75: =B75^2+C75^2 | E75: =IF(D75<=1,1,0)
A76: 5 | B76: =INDEX('Xorshift'!$C$5:$C$24,2*A76-1) | C76: =INDEX('Xorshift'!$C$5:$C$24,2*A76) | D76: =B76^2+C76^2 | E76: =IF(D76<=1,1,0)
A77: 6 | B77: =INDEX('Xorshift'!$C$5:$C$24,2*A77-1) | C77: =INDEX('Xorshift'!$C$5:$C$24,2*A77) | D77: =B77^2+C77^2 | E77: =IF(D77<=1,1,0)
A78: 7 | B78: =INDEX('Xorshift'!$C$5:$C$24,2*A78-1) | C78: =INDEX('Xorshift'!$C$5:$C$24,2*A78) | D78: =B78^2+C78^2 | E78: =IF(D78<=1,1,0)
A79: 8 | B79: =INDEX('Xorshift'!$C$5:$C$24,2*A79-1) | C79: =INDEX('Xorshift'!$C$5:$C$24,2*A79) | D79: =B79^2+C79^2 | E79: =IF(D79<=1,1,0)
A80: 9 | B80: =INDEX('Xorshift'!$C$5:$C$24,2*A80-1) | C80: =INDEX('Xorshift'!$C$5:$C$24,2*A80) | D80: =B80^2+C80^2 | E80: =IF(D80<=1,1,0)
A81: 10 | B81: =INDEX('Xorshift'!$C$5:$C$24,2*A81-1) | C81: =INDEX('Xorshift'!$C$5:$C$24,2*A81) | D81: =B81^2+C81^2 | E81: =IF(D81<=1,1,0)
A82: Pares totales | B82: =INT(COUNT('Xorshift'!$C$5:$C$24)/2)
A83: Aciertos (dentro del círculo) | B83: =SUM($E$72:$E$81)
A84: π estimado = 4 × Aciertos / Pares | B84: =IF(B82=0,0,4*B83/B82)
A85: Error = |π estimado - π| (0 si no hay pares) | B85: =IF(B82=0,0,ABS(B84-PI()))
A87: 📏 Distancia (Coss Bu) — Longitud de racha entre aciertos en [α, β]
A88: α (constante del método) | B88: 0.3
A89: β (constante del método) | B89: 0.7
A90: θ = β - α | B90: =$B$89-$B$88
A92: i | B92: r_i | C92: ¿En [α, β]? (1/0) | D92: Racha activa (acumulado) | E92: Contador de racha | F92: Racha registrada (bucket)
A93: 1 | B93: ='Xorshift'!$C$5 | C93: =IF(AND(B93>=$B$88,B93<=$B$89),1,0) | D93: =C93 | E93: 0
A94: 2 | B94: ='Xorshift'!$C$6 | C94: =IF(AND(B94>=$B$88,B94<=$B$89),1,0) | D94: =IF(OR(D93=1,C94=1),1,0) | E94: =IF(C94=1,0,IF(D93=1,E93+1,0)) | F94: =IF(AND(C94=1,D93=1),MIN(E93,3),"")
A95: 3 | B95: ='Xorshift'!$C$7 | C95: =IF(AND(B95>=$B$88,B95<=$B$89),1,0) | D95: =IF(OR(D94=1,C95=1),1,0) | E95: =IF(C95=1,0,IF(D94=1,E94+1,0)) | F95: =IF(AND(C95=1,D94=1),MIN(E94,3),"")
A96: 4 | B96: ='Xorshift'!$C$8 | C96: =IF(AND(B96>=$B$88,B96<=$B$89),1,0) | D96: =IF(OR(D95=1,C96=1),1,0) | E96: =IF(C96=1,0,IF(D95=1,E95+1,0)) | F96: =IF(AND(C96=1,D95=1),MIN(E95,3),"")
A97: 5 | B97: ='Xorshift'!$C$9 | C97: =IF(AND(B97>=$B$88,B97<=$B$89),1,0) | D97: =IF(OR(D96=1,C97=1),1,0) | E97: =IF(C97=1,0,IF(D96=1,E96+1,0)) | F97: =IF(AND(C97=1,D96=1),MIN(E96,3),"")
A98: 6 | B98: ='Xorshift'!$C$10 | C98: =IF(AND(B98>=$B$88,B98<=$B$89),1,0) | D98: =IF(OR(D97=1,C98=1),1,0) | E98: =IF(C98=1,0,IF(D97=1,E97+1,0)) | F98: =IF(AND(C98=1,D97=1),MIN(E97,3),"")
A99: 7 | B99: ='Xorshift'!$C$11 | C99: =IF(AND(B99>=$B$88,B99<=$B$89),1,0) | D99: =IF(OR(D98=1,C99=1),1,0) | E99: =IF(C99=1,0,IF(D98=1,E98+1,0)) | F99: =IF(AND(C99=1,D98=1),MIN(E98,3),"")
A100: 8 | B100: ='Xorshift'!$C$12 | C100: =IF(AND(B100>=$B$88,B100<=$B$89),1,0) | D100: =IF(OR(D99=1,C100=1),1,0) | E100: =IF(C100=1,0,IF(D99=1,E99+1,0)) | F100: =IF(AND(C100=1,D99=1),MIN(E99,3),"")
A101: 9 | B101: ='Xorshift'!$C$13 | C101: =IF(AND(B101>=$B$88,B101<=$B$89),1,0) | D101: =IF(OR(D100=1,C101=1),1,0) | E101: =IF(C101=1,0,IF(D100=1,E100+1,0)) | F101: =IF(AND(C101=1,D100=1),MIN(E100,3),"")
A102: 10 | B102: ='Xorshift'!$C$14 | C102: =IF(AND(B102>=$B$88,B102<=$B$89),1,0) | D102: =IF(OR(D101=1,C102=1),1,0) | E102: =IF(C102=1,0,IF(D101=1,E101+1,0)) | F102: =IF(AND(C102=1,D101=1),MIN(E101,3),"")
A103: 11 | B103: ='Xorshift'!$C$15 | C103: =IF(AND(B103>=$B$88,B103<=$B$89),1,0) | D103: =IF(OR(D102=1,C103=1),1,0) | E103: =IF(C103=1,0,IF(D102=1,E102+1,0)) | F103: =IF(AND(C103=1,D102=1),MIN(E102,3),"")
A104: 12 | B104: ='Xorshift'!$C$16 | C104: =IF(AND(B104>=$B$88,B104<=$B$89),1,0) | D104: =IF(OR(D103=1,C104=1),1,0) | E104: =IF(C104=1,0,IF(D103=1,E103+1,0)) | F104: =IF(AND(C104=1,D103=1),MIN(E103,3),"")
A105: 13 | B105: ='Xorshift'!$C$17 | C105: =IF(AND(B105>=$B$88,B105<=$B$89),1,0) | D105: =IF(OR(D104=1,C105=1),1,0) | E105: =IF(C105=1,0,IF(D104=1,E104+1,0)) | F105: =IF(AND(C105=1,D104=1),MIN(E104,3),"")
A106: 14 | B106: ='Xorshift'!$C$18 | C106: =IF(AND(B106>=$B$88,B106<=$B$89),1,0) | D106: =IF(OR(D105=1,C106=1),1,0) | E106: =IF(C106=1,0,IF(D105=1,E105+1,0)) | F106: =IF(AND(C106=1,D105=1),MIN(E105,3),"")
A107: 15 | B107: ='Xorshift'!$C$19 | C107: =IF(AND(B107>=$B$88,B107<=$B$89),1,0) | D107: =IF(OR(D106=1,C107=1),1,0) | E107: =IF(C107=1,0,IF(D106=1,E106+1,0)) | F107: =IF(AND(C107=1,D106=1),MIN(E106,3),"")
A108: 16 | B108: ='Xorshift'!$C$20 | C108: =IF(AND(B108>=$B$88,B108<=$B$89),1,0) | D108: =IF(OR(D107=1,C108=1),1,0) | E108: =IF(C108=1,0,IF(D107=1,E107+1,0)) | F108: =IF(AND(C108=1,D107=1),MIN(E107,3),"")
A109: 17 | B109: ='Xorshift'!$C$21 | C109: =IF(AND(B109>=$B$88,B109<=$B$89),1,0) | D109: =IF(OR(D108=1,C109=1),1,0) | E109: =IF(C109=1,0,IF(D108=1,E108+1,0)) | F109: =IF(AND(C109=1,D108=1),MIN(E108,3),"")
A110: 18 | B110: ='Xorshift'!$C$22 | C110: =IF(AND(B110>=$B$88,B110<=$B$89),1,0) | D110: =IF(OR(D109=1,C110=1),1,0) | E110: =IF(C110=1,0,IF(D109=1,E109+1,0)) | F110: =IF(AND(C110=1,D109=1),MIN(E109,3),"")
A111: 19 | B111: ='Xorshift'!$C$23 | C111: =IF(AND(B111>=$B$88,B111<=$B$89),1,0) | D111: =IF(OR(D110=1,C111=1),1,0) | E111: =IF(C111=1,0,IF(D110=1,E110+1,0)) | F111: =IF(AND(C111=1,D110=1),MIN(E110,3),"")
A112: 20 | B112: ='Xorshift'!$C$24 | C112: =IF(AND(B112>=$B$88,B112<=$B$89),1,0) | D112: =IF(OR(D111=1,C112=1),1,0) | E112: =IF(C112=1,0,IF(D111=1,E111+1,0)) | F112: =IF(AND(C112=1,D111=1),MIN(E111,3),"")
A114: Bucket (long. de racha) | B114: Oi (observado) | C114: Probabilidad teórica | D114: Ei = ΣOi × p | E114: (Oi-Ei)²/Ei
A115: 0 | B115: =COUNTIFS($F$93:$F$112,0) | C115: =$B$90 | D115: =SUM($B$115:$B$118)*C115 | E115: =IF(D115>0,(B115-D115)^2/D115,0)
A116: 1 | B116: =COUNTIFS($F$93:$F$112,1) | C116: =$B$90*(1-$B$90) | D116: =SUM($B$115:$B$118)*C116 | E116: =IF(D116>0,(B116-D116)^2/D116,0)
A117: 2 | B117: =COUNTIFS($F$93:$F$112,2) | C117: =$B$90*(1-$B$90)^2 | D117: =SUM($B$115:$B$118)*C117 | E117: =IF(D117>0,(B117-D117)^2/D117,0)
A118: ≥3 | B118: =COUNTIFS($F$93:$F$112,3) | C118: =(1-$B$90)^3 | D118: =SUM($B$115:$B$118)*C118 | E118: =IF(D118>0,(B118-D118)^2/D118,0)
A121: 🔳 Series (Coss Bu) — Pares consecutivos solapados en cuadrícula 5×5
A122: i | B122: X = r_i | C122: Y = r_(i+1) | D122: BinX (0-4) | E122: BinY (0-4) | F122: Bin combinado (0-24)
A123: 1 | B123: ='Xorshift'!$C$5 | C123: ='Xorshift'!$C$6 | D123: =MIN(INT(B123*5),4) | E123: =MIN(INT(C123*5),4) | F123: =D123*5+E123
A124: 2 | B124: ='Xorshift'!$C$6 | C124: ='Xorshift'!$C$7 | D124: =MIN(INT(B124*5),4) | E124: =MIN(INT(C124*5),4) | F124: =D124*5+E124
...
